"process","capital.test","capital.test.update","recosted.process","recosted.cost","max_num"
"activated-sludge-l",3811830.85097087,3811830.85,"activated-sludge-l",1134558.0576,2
"activated-sludge-ozone-l",3811830.85097087,3811830.85,"activated-sludge-ozone-l",1134558.0576,2
"activated-sludge-ozone-s",1198.2991293025,1198.3,"activated-sludge-ozone-s",661.97952,150
"activated-sludge-s",1198.2991293025,1198.3,"activated-sludge-s",661.97952,150
"airCon_central",9623,9623,"airCon_central",1202.875,150
"airCon_split",9623,9623,"airCon_split",1202.875,150
"algae-cultivation-l",646691.860686016,646691.86,"algae-cultivation-l",163482.624,2
"algae-cultivation-s",0.6466918607,0.65,"algae-cultivation-s",0.163482624,150
"algae-production-pond-l",646691.860686016,646691.86,"algae-production-pond-l",163482.624,2
"algae-production-pond-s",0.6466918607,0.65,"algae-production-pond-s",0.163482624,150
"anaerobic-digester-annamox-l",2302443.36,2302443.36,"anaerobic-digester-annamox-l",2086,2
"anaerobic-digester-annamox-s",179250.624,179250.62,"anaerobic-digester-annamox-s",89625.312,150
"anaerobicDigestion_sludge-l",27752941440,27752941440,"anaerobicDigestion_sludge_manure-l",25149054,2
"anaerobicDigestion_sludge_manure-l",27752941440,27752941440,"anaerobicDigestion_sludge_manure-s",89625.312,2
"anaerobicDigestion_sludge_manure-s",179250.624,179250.62,"anaerobicDigestion_sludge_usedOil-l",25149054,150
"anaerobicDigestion_sludge-s",179250.624,179250.62,"anaerobicDigestion_sludge_usedOil-s",89625.312,150
"anaerobicDigestion_sludge_usedOil-l",27752941440,27752941440,"anaerobicDigestion_sludge-l",25149054,2
"anaerobicDigestion_sludge_usedOil-s",179250.624,179250.62,"anaerobicDigestion_sludge-s",89625.312,150
"anaerobicDigestion_wastewater-l",8591667840,8591667840,"anaerobicDigestion_wastewater-l",7778400,2
"anaerobicDigestion_wastewater-s",179250.624,179250.62,"anaerobicDigestion_wastewater-s",89625.312,150
"anaerobicFermentation",17878704480,17878704480,"anaerobicFermentation",5865309684,150
"biochemical_cornStover_ethanol-l",706406400,706406400,"biochemical_cornStover_ethanol-l",281174118.2208,2
"biochemical_cornStover_ethanol-s",270421.2,270421.2,"biochemical_cornStover_ethanol-s",159433.843104,150
"biochemical_wastePaper_ethanol-l",761594400,761594400,"biochemical_wastePaper_ethanol-l",301447143.0432,2
"biochemical_wastePaper_ethanol-s",281458.8,281458.8,"biochemical_wastePaper_ethanol-s",159197.165424,150
"biochemical_wheatStraw_ethanol-l",739834560,739834560,"biochemical_wheatStraw_ethanol-l",238391585.9136,2
"biochemical_wheatStraw_ethanol-s",589723200,589723200,"biochemical_wheatStraw_ethanol-s",158997.069504,150
"biochemical_woodChips_ethanol-l",669067776,669067776,"biochemical_woodChips_ethanol-l",277831668.0384,2
"biochemical_woodChips_ethanol-s",270200.448,270200.45,"biochemical_woodChips_ethanol-s",159020.91072,150
"biodiesel_boiler-l",300032,300032,"biodiesel_boiler-l",123648,2
"biodiesel_boiler-s",8790,8790,"biodiesel_boiler-s",8612.5,150
"biodiesel-cookingOil-l",4541184,4541184,"biodiesel-cookingOil-l",675771.428571426,2
"biodiesel-cookingOil-s",730373.76,730373.76,"biodiesel-cookingOil-s",434746.285714286,150
"biogas-CHP-l",675000000,675000000,"biogas-CHP-l",180000000,2
"biogas-CHP-s",1125000,1125000,"biogas-CHP-s",825000,150
"biogas-MSW-agri-l",68594268.96,68594268.96,"biogas-MSW-agri-l",16903587.708,2
"biogas-MSW-agri-s",3924970.56,3924970.56,"biogas-MSW-agri-s",1287630.648,150
"biogas-MSW-l",68594268.96,68594268.96,"biogas-MSW-l",16903587.708,2
"biogas-MSW-sewage-combo-l",68594268.96,68594268.96,"biogas-MSW-sewage-combo-l",16903587.708,2
"biogas-MSW-sewage-combo-s",3924970.56,3924970.56,"biogas-MSW-sewage-combo-s",1287630.648,150
"biogas-MSW-s",3924970.56,3924970.56,"biogas-MSW-s",1287630.648,150
"biogas-UPGRADE-methane-AwR-l",88428128.0487805,88428128.05,"biogas-UPGRADE-methane-AwR-l",773776.363636363,2
"biogas-UPGRADE-methane-AwR-s",4780975.6097561,4780975.61,"biogas-UPGRADE-methane-AwR-s",4020872.72727272,150
"biogas-UPGRADE-methane-BABIU-l",88428128.0487805,88428128.05,"biogas-UPGRADE-methane-BABIU-l",773776.363636363,2
"biogas-UPGRADE-methane-BABIU-s",4780975.6097561,4780975.61,"biogas-UPGRADE-methane-BABIU-s",4020872.72727272,150
"biogas-UPGRADE-methane-HPWS-l",88428128.0487805,88428128.05,"biogas-UPGRADE-methane-HPWS-l",773776.363636363,2
"biogas-UPGRADE-methane-HPWS-s",4780975.6097561,4780975.61,"biogas-UPGRADE-methane-HPWS-s",4020872.72727272,150
"biogas-vegWaste-l",1962485.28,1962485.28,"biogas-vegWaste-l",4908666.3066,2
"biogas-vegWaste-s",1854316.8,1854316.8,"biogas-vegWaste-s",6174543.816,150
"biomass_biogas-biodiesel",24565692,2441517.12,"biomass_biogas-biodiesel",1617953.53392,150
"biomass_ethanol-l",14008481,34304860.8,"biomass_ethanol-l",35142021.92088,2
"biomass_ethanol-s",3525390,2456969.76,"biomass_ethanol-s",3350693.763756,150
"biomass-gasification-l",5075268,143000,"biomass-gasification-l",78000000,2
"biomass-gasification-s",3541860,154,"biomass-gasification-s",105000,150
"biomass-pyrolysis-l",423268212.748229,423268212.75,"biomass-pyrolysis-l",8108263.10796009,2
"biomass-pyrolysis-s",105817053.187057,105817053.19,"biomass-pyrolysis-s",112325072.625,150
"biomass-to-DME",8211652,56093083.2,"biomass-to-DME",114460225.7832,150
"boiler_domestic",11625,11625,"boiler_domestic",2362.5,150
"boiler_gas",27082388,260400000,"boiler_gas",52920000,150
"boilerRoom",1535179,1535179,"boilerRoom",578694.750000003,150
"centralCooling",9623,9623,"centralCooling",1202.875,150
"centralHeating",9623,9623,"centralHeating",3608.625,150
"CHP-biomass-l",700800,700800,"CHP-biomass-l",214939.5,2
"CHP-biomass-s",3504,3504,"CHP-biomass-s",1074.6975,150
"CHP-decentralised-fuelCell_biomass-l",17250000,17250000,"CHP-decentralised-fuelCell_biomass-l",7500000,2
"CHP-decentralised-fuelCell_biomass-s",28750,28750,"CHP-decentralised-fuelCell_biomass-s",16250,150
"CHP-gas_fuelOil-l",675000000,675000000,"CHP-gas_fuelOil-l",180000000,2
"CHP-gas_fuelOil-s",1125000,1125000,"CHP-gas_fuelOil-s",825000,150
"CHP-gas_gasNatural-l",675000000,675000000,"CHP-gas_gasNatural-l",180000000,2
"CHP-gas_gasNatural-s",1125000,1125000,"CHP-gas_gasNatural-s",825000,150
"CHP-microTurbine_gasNatural-l",3400000,3400000,"CHP-microTurbine_gasNatural-l",1250000,2
"CHP-microTurbine_gasNatural-s",102000,102000,"CHP-microTurbine_gasNatural-s",64500,150
"CHP-microTurbine_liquidFuel-l",3400000,3400000,"CHP-microTurbine_liquidFuel-l",1250000,2
"CHP-microTurbine_liquidFuel-s",102000,102000,"CHP-microTurbine_liquidFuel-s",64500,150
"CHP-reciprocatingEngine_gasNatural-l",22000000,22000000,"CHP-reciprocatingEngine_gasNatural-l",7500000,2
"CHP-reciprocatingEngine_gasNatural-s",11000,11000,"CHP-reciprocatingEngine_gasNatural-s",7250,150
"CHP-reciprocatingEngine_LPG-l",22000000,22000000,"CHP-reciprocatingEngine_LPG-l",7500000,2
"CHP-reciprocatingEngine_LPG-s",110000,110000,"CHP-reciprocatingEngine_LPG-s",7250,150
"CHP-reciprocatingEngine_wasteGas-l",22000000,22000000,"CHP-reciprocatingEngine_wasteGas-l",7500000,2
"CHP-reciprocatingEngine_wasteGas-s",11000,11000,"CHP-reciprocatingEngine_wasteGas-s",7250,150
"CHP-steam-large_biogas",442500000,442500000,"CHP-steam-large_biogas",167500000,2
"CHP-steam-large_fuelOil",442500000,442500000,"CHP-steam-large_fuelOil",167500000,2
"CHP-steam-large_gasNatural",442500000,442500000,"CHP-steam-large_gasNatural",167500000,2
"CHP-steam-large_hydrogen",442500000,442500000,"CHP-steam-large_hydrogen",167500000,2
"CHP-steam-large_liquidFuel",442500000,442500000,"CHP-steam-large_liquidFuel",167500000,2
"CHP-steam-large_LPG",442500000,442500000,"CHP-steam-large_LPG",167500000,2
"CHP-steam-large_methanol",442500000,442500000,"CHP-steam-large_methanol",167500000,2
"CHP-steam-large_propane",442500000,442500000,"CHP-steam-large_propane",167500000,2
"CHP-steam-large_wasteGas",442500000,442500000,"CHP-steam-large_wasteGas",167500000,2
"CHP-steam-small_biogas",442500,442500,"CHP-steam-small_biogas",275000,150
"CHP-steam-small_fuelOil",442500,442500,"CHP-steam-small_fuelOil",275000,150
"CHP-steam-small_gasNatural",442500,442500,"CHP-steam-small_gasNatural",275000,150
"CHP-steam-small_liquidFuel_hydrogen",442500,442500,"CHP-steam-small_liquidFuel_hydrogen",275000,150
"CHP-steam-small_liquidFuel",442500,442500,"CHP-steam-small_liquidFuel",275000,150
"CHP-steam-small_LPG",442500,442500,"CHP-steam-small_LPG",275000,150
"CHP-steam-small_methanol",442500,442500,"CHP-steam-small_methanol",275000,150
"CHP-steam-small_propane",442500,442500,"CHP-steam-small_propane",275000,150
"CHP-steam-small_wasteGas",442500,442500,"CHP-steam-small_wasteGas",275000,150
"CHP",5310000,5310000,"CHP",7500000,150
"coal-combustion-bituminous-l",234500000,234500000,"coal-combustion-bituminous-l",254275000,2
"coal-combustion-bituminous-s",5829000,5829000,"coal-combustion-bituminous-s",14515950,150
"cofiring-biomass-coal-l",6400000000,6400000000,"cofiring-biomass-coal-l",2400000000,2
"cofiring-biomass-coal-s",4524000000,4524000000,"cofiring-biomass-coal-s",2827500000,150
"cofiring-boiler_coal-biomass-l",1400000000,1400000000,"cofiring-boiler_coal-biomass-l",525000000,2
"cofiring-boiler_coal-biomass-s",40000000,40000000,"cofiring-boiler_coal-biomass-s",25000000,150
"combustion-biomass-l",1400000000,1400000000,"combustion-biomass-l",525000000,2
"combustion-biomass-s",34800000,34800000,"combustion-biomass-s",17400000,150
"combustion-coal-combined-cycle-l",1608000000,1608000000,"combustion-coal-combined-cycle-l",1743600000,2
"combustion-coal-combined-cycle-s",268000000,268000000,"combustion-coal-combined-cycle-s",667400000,150
"combustion-coal-l",1608000000,1608000000,"combustion-coal-l",1743600000,2
"combustion-coal-s",268000000,268000000,"combustion-coal-s",667400000,150
"combustion-sludgeDigested-l",3800000,3800000,"combustion-sludgeDigested-l",1421100,2
"combustion-sludgeDigested-s",37400,37400,"combustion-sludgeDigested-s",18700,150
"combustion-sludgeRaw-l",3800000,3800000,"combustion-sludgeRaw-l",1421100,2
"combustion-sludgeRaw-s",37400,37400,"combustion-sludgeRaw-s",18700,150
"constructed-wetland-irrigation-l",6274412,4160214.86,"constructed-wetland-irrigation-l",1725496.16908851,2
"constructed-wetland-irrigation-s",19194229,165840,"constructed-wetland-irrigation-s",88555.8626155881,150
"constructed-wetland-nonPotable-l",27324567,4160214.86,"constructed-wetland-nonPotable-l",1725496.16908851,2
"constructed-wetland-nonPotable-s",7766296,165840,"constructed-wetland-nonPotable-s",88555.8626155881,150
"conventionalAirConditioning",16587.06,16587.06,"conventionalAirConditioning",1904.4555,150
"cooling-evaporative-cooling",5.1182928,5.12,"cooling-evaporative-cooling",0.1971,150
"cooling-evaporative-heating",18008.808,18008.81,"cooling-evaporative-heating",2068.53,150
"cooling-thermallyActivated_adsorption-activatedCarbon",56869.92,56869.92,"cooling-thermallyActivated_adsorption-activatedCarbon",4873.5,150
"cooling-thermallyActivated_adsorption-silica-l",4739160,4739160,"cooling-thermallyActivated_adsorption-silica-l",182500,2
"cooling-thermallyActivated_adsorption-silica-s",23695.8,23695.8,"cooling-thermallyActivated_adsorption-silica-s",2707.5,150
"cooling-thermallyActivated_H2O-NH3_double",521307.6,521307.6,"cooling-thermallyActivated_H2O-NH3_double",59565,150
"cooling-thermallyActivated_H2O-NH3_single-l",30804540,30804540,"cooling-thermallyActivated_H2O-NH3_single-l",1186250,2
"cooling-thermallyActivated_H2O-NH3_single-small-l",426524.4,426524.4,"cooling-thermallyActivated_H2O-NH3_single-s",5415,2
"cooling-thermallyActivated_H2O-NH3_single-small-s",47391.6,47391.6,"cooling-thermallyActivated_H2O-NH3_single-small-l",16425,150
"cooling-thermallyActivated_H2O-NH3_single-s",47391.6,47391.6,"cooling-thermallyActivated_H2O-NH3_single-small-s",5415,150
"cooling-thermallyActivated_LiBr-H2O_double-l",55116430.8,55116430.8,"cooling-thermallyActivated_LiBr-H2O_double-l",2122475,2
"cooling-thermallyActivated_LiBr-H2O_double-s",94783.2,94783.2,"cooling-thermallyActivated_LiBr-H2O_double-s",10830,150
"cooling-thermallyActivated_LiBr-H2O_single-l",33174120,33174120,"cooling-thermallyActivated_LiBr-H2O_single-l",1277500,2
"cooling-thermallyActivated_LiBr-H2O_single-s",23695.8,23695.8,"cooling-thermallyActivated_LiBr-H2O_single-s",2707.5,150
"cooling-thermallyActivated_liquidDessicant-l",2369580,2369580,"cooling-thermallyActivated_liquidDessicant-l",91250,2
"cooling-thermallyActivated_liquidDessicant-s",236958,236958,"cooling-thermallyActivated_liquidDessicant-s",27075,150
"cooling-thermallyActivated_solidDessicant-l",236958,236958,"cooling-thermallyActivated_solidDessicant-l",9125,2
"cooling-thermallyActivated_solidDessicant-s",23695.8,23695.8,"cooling-thermallyActivated_solidDessicant-s",2707.5,150
"desalination-multiEffectDistillation-l",609982920,609982920,"desalination-multiEffectDistillation-l",587199983.5584,2
"desalination-multiEffectDistillation-s",151524,151524,"desalination-multiEffectDistillation-s",284998.176,150
"desalination-multiStageFlash-l",645581923.2,645581923.2,"desalination-multiStageFlash-l",1919999946.24,2
"desalination-multiStageFlash-s",160367.04,160367.04,"desalination-multiStageFlash-s",1519190.27712,150
"desalination-photovoltaicModules",48389011.2,48389011.2,"desalination-photovoltaicModules",143990784,150
"desalination-ReverseOsmosis-l",396868887.36,396868887.36,"desalination-ReverseOsmosis-l",381359989.32192,2
"desalination-ReverseOsmosis-PV-l",128.58912,128.59,"desalination-ReverseOsmosis-PV-l",106.38571104,2
"desalination-ReverseOsmosis-PV-s",60.008256,60.01,"desalination-ReverseOsmosis-PV-s",1278.16704,150
"desalination-ReverseOsmosis-s",98584.992,98584.99,"desalination-ReverseOsmosis-s",200998.7136,150
"desalination-solarPond-l",1487347.488,1487347.49,"desalination-solarPond-l",7199539.2,2
"desalination-solarPond-s",1140.156864,1140.16,"desalination-solarPond-s",17457.43104,150
"digestion_biomassAgriWaste_biodiesel-l",979697.376,979697.38,"digestion_biomassAgriWaste_biodiesel-l",62239474.51344,2
"digestion_biomassAgriWaste_biodiesel-s",4898486.88,4898486.88,"digestion_biomassAgriWaste_biodiesel-s",41428552.91112,150
"distributed-engine-cogen-l",669000,669000,"distributed-engine-cogen-l",334500,2
"distributed-engine-cogen-s",223000,223000,"distributed-engine-cogen-s",111500,150
"distributed-engine-l",669000,669000,"distributed-engine-l",334500,2
"distributed-engine-s",223000,223000,"distributed-engine-s",111500,150
"distributed-gas-turbine-micro-cogen-l",267600,267600,"distributed-gas-turbine-micro-cogen-l",133800,2
"distributed-gas-turbine-micro-cogen-s",20070,20070,"distributed-gas-turbine-micro-cogen-s",10035,150
"distributed-gas-turbine-micro-l",267600,267600,"distributed-gas-turbine-micro-l",133800,2
"distributed-gas-turbine-micro-s",20070,20070,"distributed-gas-turbine-micro-s",10035,150
"distributed-solar-l",11157000,11157000,"distributed-solar-l",3388500,2
"distributed-solar-s",3719000,3719000,"distributed-solar-s",1694250,150
"distributed-wind-l",4464,4464,"distributed-wind-l",2232,2
"distributed-wind-s",744,744,"distributed-wind-s",372,150
"district-cogen-absorptionChiller",325872000,325872000,"district-cogen-absorptionChiller",162936000,150
"district-cogen-heating",749505600,749505600,"district-cogen-heating",374752800,150
"elecplant-biomass-l",2960000000,2960000000,"elecplant_hydrogenLooping-l",8718000,2
"elecplant-biomass-s",160000,160000,"elecplant_hydrogenLooping-s",16685000,150
"elecplant-coal-l",21600000000,21600000000,"elecplant-biomass-l",1110000000,2
"elecplant-coal-s",40000000,40000000,"elecplant-biomass-s",80000,150
"elecplant-cofiring-biomass-coal-fluidisedBed-l",4400000000,4400000000,"elecplant-coal-l",3923100000,2
"elecplant-cofiring-biomass-coal-fluidisedBed-s",40000000,40000000,"elecplant-coal-s",16685000,150
"elecplant_hydrogenLooping-l",48000000,48000000,"elecplant-cofiring-biomass-coal-fluidisedBed-l",1650000000,2
"elecplant_hydrogenLooping-s",40000000,40000000,"elecplant-cofiring-biomass-coal-fluidisedBed-s",25000000,150
"fossilHydrogen_intrinsicCO2capture",46051200,46051200,"fossilHydrogen_intrinsicCO2capture",14422.2,150
"gasif-bmass-methanol-condensingTurbine-hPump-twoSteamLevels-l",27184297,38445,"gasif-bmass-methanol-condensingTurbine-hPump-twoSteamLevels-l",64755360,150
"gasif-bmass-methanol-condensingTurbine-hPump-twoSteamLevels-s",29175378,572,"gasif-bmass-methanol-condensingTurbine-hPump-twoSteamLevels-s",1204320,150
"gasif-bmass-methanol-condensingTurbine-noDrying-adj-l",15844508,33187,"gasif-bmass-methanol-condensingTurbine-noDrying-adj-l",64931874,150
"gasif-bmass-methanol-condensingTurbine-noDrying-adj-s",11192778,491.7,"gasif-bmass-methanol-condensingTurbine-noDrying-adj-s",1202541.75,150
"gasification-MSW-elec-l",88000000,88000000,"gasification-MSW-elec-l",48000000,2
"gasification-MSW-elec-s",55000000,55000000,"gasification-MSW-elec-s",37500000,150
"gasification_sludge_hydrogen-l",8470000,8470000,"gasification_sludge_hydrogen-l",4620000,2
"gasification_sludge_hydrogen-s",682000,682000,"gasification_sludge_hydrogen-s",465000,150
"gasification_sludge-l",3135000,3135000,"gasification_sludge-l",1710000,2
"gasification_sludge-s",286000,286000,"gasification_sludge-s",465000,150
"gasification-waste-high-temp-l",9482000,9482000,"gasification-waste-high-temp_steam-l",7212000,2
"gasification-waste-high-temp_steam-l",13222000,13222000,"gasification-waste-high-temp_steam-s",30000,2
"gasification-waste-high-temp_steam-s",44000,44000,"gasification-waste-high-temp-l",5172000,150
"gasification-waste-high-temp-s",44000,44000,"gasification-waste-high-temp-s",30000,150
"gasification-waste-plama-ICE-steam-CC-l",11143000,11143000,"gasification-waste-plama-ICE-steam-CC-l",6078000,2
"gasification-waste-plama-ICE-steam-CC-s",8712000,8712000,"gasification-waste-plama-ICE-steam-CC-s",5940000,150
"groundWater-pumping-ShannGu",27753490,7500,"groundWater-pumping-ShannGu",2.592,150
"heatEx_cold",0,0,"heatEx_cold",0,150
"heatEx_hot",0,0,"heatEx_hot",0,150
"heatingPlant-pyrolysis_biomass-oil",4187698388.0597,4187698388.06,"heatingPlant-pyrolysis_biomass-oil",837539.67761194,150
"heatPump-ASHP-highEff-radOrDHW-l",3115182,25805000,"heatPump-ASHP-highEff-radOrDHW-l",3133000,2
"heatPump-ASHP-highEff-radOrDHW-s",9925,9925,"heatPump-ASHP-highEff-radOrDHW-s",27047.5,150
"heatPump-ASHP-highEff-screedFloor-l",25805000,25805000,"heatPump-ASHP-highEff-screedFloor-l",3133000,2
"heatPump-ASHP-highEff-screedFloor-s",9925,9925,"heatPump-ASHP-highEff-screedFloor-s",27047.5,150
"heatPump-ASHP-highEff-timberFloor-l",25805000,25805000,"heatPump-ASHP-highEff-timberFloor-l",3133000,2
"heatPump-ASHP-highEff-timberFloor-s",9925,9925,"heatPump-ASHP-highEff-timberFloor-s",27047.5,150
"heatPump-ASHP-screedFloor-l",25805000,25805000,"heatPump-ASHP-screedFloor-l",3133000,2
"heatPump-ASHP-screedFloor-s",9925,9925,"heatPump-ASHP-screedFloor-s",27047.5,150
"heatPump-ASHP-twoStage-screedFloor-l",25805000,25805000,"heatPump-ASHP-twoStage-screedFloor-l",3133000,2
"heatPump-ASHP-twoStage-screedFloor-s",9925,9925,"heatPump-ASHP-twoStage-screedFloor-s",27047.5,150
"heatPump-ASHP-twoStage-timberFloor-l",25805000,25805000,"heatPump-ASHP-twoStage-timberFloor-l",3133000,2
"heatPump-ASHP-twoStage-timberFloor-s",9925,9925,"heatPump-ASHP-twoStage-timberFloor-s",27047.5,150
"heatPump-groundCoupled-heating-l",21716500,21716500,"heatPump-groundCoupled-heating-l",3133000,2
"heatPump-groundCoupled-heating-s",8352.5,8352.5,"heatPump-groundCoupled-heating-s",27047.5,150
"heatPump_ground",10023000,10023000,"heatPump_ground",12210000,150
"heatPump-GSHP-ground-radAndDHW-l",28450500,28450500,"heatPump-GSHP-ground-radAndDHW-l",5843500,2
"heatPump-GSHP-ground-radAndDHW-s",10942.5,10942.5,"heatPump-GSHP-ground-radAndDHW-s",10175,150
"heatPump-GSHP-ground-radOrDHW-l",28450500,28450500,"heatPump-GSHP-ground-radOrDHW-l",5843500,2
"heatPump-GSHP-ground-radOrDHW-s",10942.5,10942.5,"heatPump-GSHP-ground-radOrDHW-s",10175,150
"heatPump-GSHP-ground-screedFloor-l",28450500,28450500,"heatPump-GSHP-ground-screedFloor-l",5843500,2
"heatPump-GSHP-ground-screedFloor-s",10942.5,10942.5,"heatPump-GSHP-ground-screedFloor-s",10175,150
"heatPump-GSHP-ground-timberFloor-l",28450500,28450500,"heatPump-GSHP-ground-timberFloor-l",5843500,2
"heatPump-GSHP-ground-timberFloor-s",10942.5,10942.5,"heatPump-GSHP-ground-timberFloor-s",10175,150
"heatPump-GSHP-radOrDHW-l",28450500,28450500,"heatPump-GSHP-radOrDHW-l",5843500,2
"heatPump-GSHP-radOrDHW-s",10942.5,10942.5,"heatPump-GSHP-radOrDHW-s",10175,150
"heatPump-GSHP-screedFloor-l",28450500,28450500,"heatPump-GSHP-screedFloor-l",5843500,2
"heatPump-GSHP-screedFloor-s",10942.5,10942.5,"heatPump-GSHP-screedFloor-s",10175,150
"heatPump-GSHP-timberFloor-l",28450500,28450500,"heatPump-GSHP-timberFloor-l",5843500,2
"heatPump-GSHP-timberFloor-s",10942.5,10942.5,"heatPump-GSHP-timberFloor-s",10175,150
"heatPump-sewage-cooling-l",28450500,28450500,"heatPump-sewage-cooling-l",48389250,2
"heatPump-sewage-cooling-s",10942.5,10942.5,"heatPump-sewage-cooling-s",18611.25,150
"heatPump-sewage-heating-l",28450500,28450500,"heatPump-sewage-heating-l",48389250,2
"heatPump-sewage-heating-s",10942.5,10942.5,"heatPump-sewage-heating-s",18611.25,150
"heatPump-solarAssisted-cooling",19850,19850,"heatPump-solarAssisted-cooling",2410,150
"heatPump-solarAssisted-heating",19850,19850,"heatPump-solarAssisted-heating",54095,150
"heatPump-transcriticalCO2-radAndDHW-l",21716500,21716500,"heatPump-transcriticalCO2-radAndDHW-l",5843500,2
"heatPump-transcriticalCO2-radAndDHW-s",8352.5,8352.5,"heatPump-transcriticalCO2-radAndDHW-s",10175,150
"heatPump-transcriticalCO2-radOrDHW-l",21716500,21716500,"heatPump-transcriticalCO2-radOrDHW-l",5843500,2
"heatPump-transcriticalCO2-radOrDHW-s",8352.5,8352.5,"heatPump-transcriticalCO2-radOrDHW-s",10175,150
"heatPump-transcriticalCO2-screedFloor-l",21716500,21716500,"heatPump-transcriticalCO2-screedFloor-l",5843500,2
"heatPump-transcriticalCO2-screedFloor-s",8352.5,8352.5,"heatPump-transcriticalCO2-screedFloor-s",10175,150
"heatPump_water",10023000,10023000,"heatPump_water",22333500,150
"leachateTreatment_anaerobicMembraneBioreactor",29594042,143091446.4,"leachateTreatment_anaerobicMembraneBioreactor",46942755.12,150
"leachateTreatment-electrodyalysis",733165,214637169.6,"leachateTreatment-electrodyalysis",70414132.68,150
"LiBr_chill",2144644,2144644,"LiBr_chill",33801.522975,150
"LiBr_heat",2144644,2144644,"LiBr_heat",20216.221875,150
"microalgae-biofuels_wetExtraction-l",4797651,324505440,"microalgae-biofuels_wetExtraction-l",12.39,2
"microalgae-biofuels_wetExtraction-s",9100240,18543.17,"microalgae-biofuels_wetExtraction-s",0.00141,150
"microCHP-fuelCell-methane",5500,5500,"microCHP-fuelCell-methane",2150,150
"mixedRawSludge_biogas-l",19841189.76,19841189.76,"mixedRawSludge_biogas-l",11734646.5152,2
"mixedRawSludge_biogas-s",179250.624,179250.62,"mixedRawSludge_biogas-s",141132.43008,150
"nuclear-directUseSpentFuel-l",4941165600,4941165600,"nuclear-directUseSpentFuel-l",9875000000,2
"nuclear-directUseSpentFuel-s",42531.552,42531.55,"nuclear-directUseSpentFuel-s",241400,150
"nuclear-fastReactorRecycling-pyroprocess-l",4941165600,4941165600,"nuclear-fastReactorRecycling-pyroprocess-l",9875000000,2
"nuclear-fastReactorRecycling-pyroprocess-s",42531.552,42531.55,"nuclear-fastReactorRecycling-pyroprocess-s",241400,150
"nuclear-onceThrough-l",4941165600,4941165600,"nuclear-onceThrough-l",9875000000,2
"nuclear-onceThrough-s",42531.552,42531.55,"nuclear-onceThrough-s",241400,150
"nuclear-thermalReactorRecycling-l",4941165600,4941165600,"nuclear-thermalReactorRecycling-l",9875000000,2
"nuclear-thermalReactorRecycling-s",42531.552,42531.55,"nuclear-thermalReactorRecycling-s",241400,150
"review-butanol-fermentation-l",3759710,55011398.4,"review-butanol-fermentation-l",75373474.5792,2
"review-butanol-fermentation-s",24303243,9265402.94,"review-butanol-fermentation-s",16900284.059712,150
"review-methanogenic-digestion-l",10076341,19624852.8,"review-methanogenic-digestion-l",18667440.3384,2
"review-methanogenic-digestion-s",11750742,1885222.08,"review-methanogenic-digestion-s",2387287.49904,150
"SAF-MBR_wastewater-l",974798889120,974798889120,"SAF-MBR_wastewater-l",1937617097.616,2
"SAF-MBR_wastewater-s",108168.48,108168.48,"SAF-MBR_wastewater-s",374.931504,150
"sewageTreatment",119520007.983016,119520007.98,"sewageTreatment",39985920,150
"solar-CSP-dryCooling-l",307750000,307750000,"solar-CSP-dryCooling-l",66562500,2
"solar-CSP-dryCooling-s",1538750,1538750,"solar-CSP-dryCooling-s",821250,150
"solar-CSP-l",3385250000,3385250000,"solar-CSP-l",732187500,2
"solar-CSP-s",1538750,1538750,"solar-CSP-s",821250,150
"surfaceWater_treatment-potable-l",2531819002.24719,2531819002.25,"surfaceWater_treatment-potable-l",957685994.722955,2
"surfaceWater_treatment-potable-s",405235.415730337,405235.42,"surfaceWater_treatment-potable-s",202617.707865169,150
"treatment_wastewater",25294724,17878704480,"treatment_wastewater",39985920,150
"wasteGas-l",660000000,660000000,"wasteGas-l",180000000,2
"wasteGas-s",1100000,1100000,"wasteGas-s",825000,150
"wastewater-biogas-elec-hydrogen_biogas-elec",14746371,18635883.84,"wastewater-biogas-elec-hydrogen_biogas-elec",2592900,150
"wastewater-biogas-elec-hydrogen_elec-hydrogen_HTE-l",21.0155904,21.02,"wastewater-biogas-elec-hydrogen_elec-hydrogen_HTE-l",0.0125732,2
"wastewater-biogas-elec-hydrogen_elec-hydrogen_HTE-s",2.81238048,2.81,"wastewater-biogas-elec-hydrogen_elec-hydrogen_HTE-s",0.00168259,150
"wastewater-biogas-elec-hydrogen_elec-hydrogen_KOH-l",3.58501248,3.59,"wastewater-biogas-elec-hydrogen_elec-hydrogen_KOH-l",0.00214484,2
"wastewater-biogas-elec-hydrogen_elec-hydrogen_KOH-s",29.0509632,29.05,"wastewater-biogas-elec-hydrogen_elec-hydrogen_KOH-s",0.0173806,150
"wastewater-biogas-elec-hydrogen_elec-hydrogen_PEM-l",4.23402336,4.23,"wastewater-biogas-elec-hydrogen_elec-hydrogen_PEM-l",0.00253313,2
"wastewater-biogas-elec-hydrogen_elec-hydrogen_PEM-s",31.01344848,31.01,"wastewater-biogas-elec-hydrogen_elec-hydrogen_PEM-s",0.018554715,150
"wastewater-biogas-elec-hydrogen_wastewater-biogas-l",179250624,179250624,"wastewater-biogas-elec-hydrogen_wastewater-biogas-l",400896,2
"wastewater-biogas-elec-hydrogen_wastewater-biogas-s",179250.624,179250.62,"wastewater-biogas-elec-hydrogen_wastewater-biogas-s",400.896,150
"wasteWaterEffluent_livingMachine",3059622.72,3059622.72,"wastewater-reuse-irrigation-l",265842088.988764,150
"wasteWaterEffluent_wetlands-l",22319576,3411657.14,"wastewater-reuse-irrigation-s",317.1883146067,2
"wasteWaterEffluent_wetlands-s",830926,136000,"wastewater-reuse-potable-l",9576797.88918205,150
"wastewater-reuse-irrigation-l",531684177.977528,531684177.98,"wastewater-reuse-potable-s",317.1883146067,2
"wastewater-reuse-irrigation-s",634.3766292135,634.38,"wastewater-reuse-residential-l",189886425.168539,150
"wastewater-reuse-potable-l",25318190.0224719,25318190.02,"wastewater-reuse-residential-s",317.1883146067,2
"wastewater-reuse-potable-s",634.3766292135,634.38,"wasteWaterEffluent_livingMachine",6842.88,150
"wastewater-reuse-residential-l",379750975.280899,379750975.28,"wasteWaterEffluent_wetlands-l",1816311.75693527,2
"wastewater-reuse-residential-s",634.3766292135,634.38,"wasteWaterEffluent_wetlands-s",93216.6974900927,150
"waterTreatment",63273600,63273600,"waterTreatment",31636800,2
"WtE-l",344000000,344000000,"WtE-l",62522000,2
"WtE-MSW_cogen-l",280249920,280249920,"WtE-MSW_cogen-l",62522000,2
"WtE-MSW_cogen-s",24766272,24766272,"WtE-MSW_cogen-s",17685200,150
"WtE-MSW_elec-l",344000000,344000000,"WtE-MSW_elec-l",62522000,2
"WtE-MSW_elec-s",30400000,30400000,"WtE-MSW_elec-s",17685200,150
"WtE-s",30400000,30400000,"WtE-s",17685200,150
"landfill_ShannGu",0,0,"landfill_ShannGu",0,0
"water-generaliser-NonPotable",0,0,"water-generaliser-NonPotable",0,0
"MSW-splitter",0,0,"MSW-splitter",0,0
"waste-generaliser-biomassAgri",0,0,"waste-generaliser-biomassAgri",0,0
"waste-generaliser-digestate",0,0,"waste-generaliser-digestate",0,0
"waste-generaliser-foodWaste",0,0,"waste-generaliser-foodWaste",0,0
"waste-generaliser-MSW",0,0,"waste-generaliser-MSW",0,0
"waste-generaliser-organic",0,0,"waste-generaliser-organic",0,0
"waste-generaliser-recyclable",0,0,"waste-generaliser-recyclable",0,0
"waste-generaliser-vegWaste",0,0,"waste-generaliser-vegWaste",0,0
"wasteOrganic-generaliser-vegWaste",0,0,"wasteOrganic-generaliser-vegWaste",0,0
